pdbname,visible
dis-1AK4-D_P490V-agP_89V-0,0
dis-1AK4-D_P493A-agP_92A-1,0
dis-1AK4-D_V486A-agV_85A-2,0
dis-1BJ1-W_Q87A-agQ_181A-3,1
,
,
,
,
,
,
,
,
,
,
,
,
,
,
,
,
,
,
,
,
,
,
,
,
,
,
,
,
,
,
dis-1JTG-A_S235A-abS_209A-34,1
,
,
,
,
,
dis-1MHP-L_L49Y-abL_47Y-40,1
dis-1MHP-L_N30K-abN_28K-41,1
,
,
,
,
,
,
,
,
,
,
,
,
,
,
,
,
,
,
,
,
,
,
dis-1N8Z-A_S52A-abS_51A-64,1
,
,
,
,
,
,
,
,
,
,
,
,
dis-1T83-A_T335YB_T335Y-abT_111Y-77,0
,
,
,
,
,
,
,
,
,
,
,
,
,
,
,
,
,
,
,
,
,
,
,
,
,
,
,
,
,
,
,
,
,
,
,
,
,
,
,
,
,
,
,
,
,
dis-1VFB-A_N31W-abN_30W-123,1
